tier,brand,domain,focus,geo,source,list_count,notes,base_url,base_url_confidence,base_url_note,google_search_operator
1,Bird's Party,birdsparty.com,Party styling + printables + tutorials,US,both,3,Design-led styled shoots with strong theme coverage. | Sid: Themed party tutorials with DIY decor and free printables. Strong for decor and activation ideas.,https://www.blog.birdsparty.com/,high,Blog is hosted on subdomain blog.birdsparty.com ('Party Ideas | Party Printables Blog'); fetched and confirmed as the main party-ideas post index.,site:blog.birdsparty.com
1,Catch My Party,catchmyparty.com,User-submitted real party galleries,US,both,2,"Tens of thousands of real parties with photos, themes, supplies. Highest-volume idea source. | Sid: Largest archive of user submitted real parties, indexed by theme and occasion. Highest idea volume and easiest to map to your categories.",https://www.catchmyparty.com/parties,high,"'Parties' — broad index of 50,000+ user-submitted party ideas. Nav also labels it 'New Parties' (/search/party). Separate /blog exists but parties is the widest ideas listing.",site:catchmyparty.com/parties
1,Celebrations at Home,celebrationsathomeblog.com,Entertaining + party styling,US,both,2,"Home entertaining and seasonal parties. | Sid: Browse ideas by color, plus a full year of dinner party themes with tablescapes and menus.",https://celebrationsathomeblog.com/blog/,high,"'Blog' — broad all-posts index (Page 1 of 60), wider than the /party-ideas/ sub-category. Fetched and confirmed.",site:celebrationsathomeblog.com/blog
1,Hostess With The Mostess (HWTM),hwtm.com,Party ideas + printables + styling,US,both,3,"Long-running high-authority party blog. Deep archive. | Sid: Hostess with the Mostess, a long running source of themes, recipes, and DIY across party types.",https://www.hwtm.com/party-inspiration/,high,'HWTM Blog' / Party Inspiration — central hub for all party ideas posts. Fetched and confirmed.,site:hwtm.com/party-inspiration
1,Kara's Party Ideas,karaspartyideas.com,Themed party ideas + real party galleries,US,both,3,"Massive curated library of styled parties by theme. Top scraping target. | Sid: Enormous styled party library indexed by theme, character, and age, with deep decor, DIY, and food detail per event.",https://karaspartyideas.com/blog,high,'Blog' — main party ideas post feed with Load More pagination. Fetched and confirmed.,site:karaspartyideas.com/blog
1,Oh Happy Day,ohhappyday.com,Party DIY + design,US,both,2,"Iconic design-forward party DIYs. | Sid: Bold DIY, backdrops, and balloon installations. Strong for photo moment and decor ideas.",https://ohhappyday.com/category/party/,high,"'Party' category archive — grid of party/DIY posts, widest party listing. Fetched and confirmed.",site:ohhappyday.com/category/party
1,Pizzazzerie,pizzazzerie.com,Entertaining + tablescapes + parties,US,both,2,"Strong tablescape and hosting idea density. | Sid: Entertaining in style with polished tablescapes and party themes. Clean, scrapeable posts.",https://pizzazzerie.com/blog/,high,'Blog' — broad all-posts index (154+ pages of recipes/party ideas). Fetched and confirmed.,site:pizzazzerie.com/blog
1,Pretty My Party,prettymyparty.com,Party ideas + themes,US,both,2,"Theme-organized idea roundups. | Sid: Curated styled parties with clear theme, decor, and tablescape breakdowns across kids and adult events.",https://www.prettymyparty.com/category/party-ideas/,high,'Party Ideas' category — comprehensive hub across all occasions. Fetched and confirmed.,site:prettymyparty.com/category/party-ideas
1,Spaceships and Laser Beams,spaceshipsandlaserbeams.com,Kids parties + food,US,both,2,Boy-party and food-idea heavy. | Sid: Kids party themes paired with party food and recipes. High volume and well structured.,https://spaceshipsandlaserbeams.com/party-central,medium,"'Party Ideas Archives' (Party Central) — the party-ideas category index. Search consistently labels this URL as the archive, but the fetcher gets bot-blocked (404 to crawler) so not directly verified. Alt: /parties/party-central/.",site:spaceshipsandlaserbeams.com/party-central
1,Studio DIY,studiodiy.com,Colorful party DIY + design,US,both,1,High-authority colorful party/DIY brand. | Sid: Colorful statement DIY party projects. Good for unique decor and activation concepts.,https://studiodiy.com/category/holiday-2/,high,"Broad lifestyle blog; party content lives under the 'Celebrations' category (slug holiday-2), which resolves and paginates 37 pages of celebration/party posts across 13 subcategories (birthdays, baby, bridal, holidays).",site:studiodiy.com/category/holiday-2
1,The Party Darling,thepartydarling.com,Party inspiration + supplies,US,both,2,"Theme-based idea blog. | Sid: Styled tablescapes and themed kids parties, with the exact supplies used per look.",https://thepartydarling.com/blogs/the-party-darling-blog,high,"Shopify blog handle labeled 'Blog'. Verified: 'Party Planning & Party Inspiration Blog', lists themed party posts with pagination 1-20.",site:thepartydarling.com/blogs/the-party-darling-blog
1,Ablissfulnest,ablissfulnest.com,At-home party styling,US,sid-curated,0,Sid: Party styling built for hosting at home. Practical decor and setup ideas.,https://ablissfulnest.com/category/blissful-nest-parties/,high,"Broader lifestyle/design blog; 'Party Ideas' category under 'Entertaining' nav. Verified: 'Party Ideas Archives', lists 30+ party posts.",site:ablissfulnest.com/category/blissful-nest-parties
1,Amyatlas,blog.amyatlas.com,Dessert table styling,US,sid-curated,0,Sid: Dessert table specialist. Core source for Food and Beverage styling ideas.,https://blog.amyatlas.com/,high,"The whole site is the blog (Sweet Designs by Amy Atlas). Homepage is a chronological feed of party/dessert-table posts. Note: appears dormant, newest posts ~2016.",site:blog.amyatlas.com
1,Bizbash,bizbash.com,Pro event design + trend forecasting,US,sid-curated,0,Sid: Professional event design and trend forecasting. Best for corporate Event Production and 2026 trends.,https://www.bizbash.com/production-strategy/event-production-planning,medium,B2B event-industry magazine with no single unified 'all articles' index; content is split across topic hubs. Broadest ideas/articles listing is the Event Production & Planning topic hub (paginated). Homepage also lists articles.,site:bizbash.com/production-strategy/event-production-planning
1,Brides,brides.com,Editorial wedding ideas + trends,US,sid-curated,0,"Sid: Editorial wedding ideas, trends, and decor. Reliable and current.",https://www.brides.com/,medium,"Site is live but the WebFetch proxy returns HTTP 403 on every path (bot-block), so the dedicated 'Ideas & Advice' section URL could not be confirmed. Homepage given as the safe broad entry point; a scraper can reach the ideas/planning articles from nav.","site:brides.com (""party ideas"" OR ""birthday party"" OR ""party theme"" OR ""party decorations"")"
1,Classpop,classpop.com,Experience/class-based activities,US,sid-curated,0,Sid: Experience and class based activities. Fits interactive party ideas and Beauty and Spa adjacent sessions.,https://www.classpop.com/magazine,high,"Content section labeled 'Magazine'. Verified: lists articles/idea posts across Celebrations, Holiday Guides, Crafts, Food, etc.",site:classpop.com/magazine
1,Gigsalad,gigsalad.com,Performer/entertainment marketplace,US,sid-curated,0,Sid: Performer and entertainment marketplace. Good signal for act types and entertainment ideas mapped by event.,https://www.gigsalad.com/party-ideas,high,Dedicated 'Party ideas' index labeled in nav; verified as broad hub (11 categories + 'Browse all party ideas' link). Site also has a general /blog for all posts.,site:gigsalad.com/party-ideas
1,Greenvelope,greenvelope.com,Adult party themes + taxonomy,US,sid-curated,0,Sid: Wide range of adult party themes across moods and energy levels. Good theme taxonomy.,https://www.greenvelope.com/blog/,high,"Section labeled 'Blog'. Verified: Greenvelope Blog, party/wedding/event posts across Wedding/Parties/Professional categories, paginated to 137 pages.",site:greenvelope.com/blog
1,Greenweddingshoes,greenweddingshoes.com,Styled shoots + real weddings,US,sid-curated,0,Sid: Styled shoots and real weddings. Strong for Photography and Videography and decor inspiration.,https://greenweddingshoes.com/blog/,high,"""Blog"" — broadest all-posts index (canonical /blog/, paginated); site is a wedding inspiration blog",site:greenweddingshoes.com/blog
1,Groopeze,groopeze.com,200+ grown-up themes + activities,US,sid-curated,0,Sid: 200 plus grown up themes tied to entertainment and activity ideas. Strong for adult activation concepts.,https://www.groopeze.com/blog,high,"""Blog | Groopeze"" (Newsroom) — group activity/party ideas index, paginated by category; confirmed",site:groopeze.com/blog
1,Laurajadeprado,laurajadeprado.com,Full party plans (invite/decor/menu/playlist),US,sid-curated,0,"Sid: Complete party plans covering invites, decor, menu, and playlist. Ideal structured template per theme.",https://laurajadeprado.com/blog-2/,high,"""All Posts"" — full blog archive, 23+ pages incl. party/DIY posts; confirmed",site:laurajadeprado.com/blog-2
1,Partyslate,partyslate.com,Luxury real events + venues,US,sid-curated,0,Sid: Luxury real events from professional planners. Best source for Venues and Event Production inspiration.,https://www.partyslate.com/best-of,high,"""The Best Of"" — editorial articles/ideas hub (articles.partyslate.com redirects here). /blog, /ideas, /articles all 404",site:partyslate.com/best-of
1,Projectnursery,projectnursery.com,First birthday + kids party themes,US,sid-curated,0,Sid: First birthday and kids party themes at volume. Strong kids category coverage.,https://blog.projectnursery.com/,high,"""Project Nursery Blog"" — apex domain redirects to shop.projectnursery.com; blog lives on blog. subdomain; confirmed",site:blog.projectnursery.com
1,Sugarandcharm,sugarandcharm.com,Entertaining + cocktails + hosting,US,sid-curated,0,"Sid: Entertaining, cocktails, and hosting. Fills Food and Beverage and adult gathering ideas.",https://sugarandcharm.com/category/parties,high,"""Entertaining Archives"" — party/entertaining ideas category, paginated; confirmed (recipes are separate)",site:sugarandcharm.com/category/parties
1,Tagvenue,tagvenue.com,Venue-focused + adult theme guides,UK/US,sid-curated,0,Sid: Venue focused with large adult theme guides. Supports Venues plus broad theme discovery.,https://www.tagvenue.com/blog/,high,"""Tagvenue Blog"" — event planning ideas & inspiration hub; confirmed",site:tagvenue.com/blog
1,Thebash,thebash.com,Entertainment vendor marketplace + theme hubs,US,sid-curated,0,Sid: Entertainment vendor marketplace with dedicated theme and trend hubs. Direct fit for Musical and Non Musical Entertainment.,https://www.thebash.com/articles,high,"""Party Planning Ideas, Tips and Checklists"" — articles hub; /ideas 404s, /articles is the real index",site:thebash.com/articles
1,Theglambot,theglambot.com,Experiential adult activities,US,sid-curated,0,"Sid: Experiential adult ideas like silent discos and sip and paint. Best for unique activities, not just decor.",https://theglambot.com/the-spotlight/,high,"""The Spotlight"" — blog listing Glambot rental/event articles; confirmed",site:theglambot.com/the-spotlight
1,Theknot,theknot.com,Wedding planning + themes at scale,US,sid-curated,0,"Sid: Wedding planning at scale with themes, decor, and vendor ideas. Broad and trend fresh.",https://www.theknot.com/content,high,Section is 'Ideas & Advice' — confirmed index of wedding ideas/advice articles with category listings and latest stories.,site:theknot.com/content
1,Thetomkatstudio,thetomkatstudio.com,Real parties + printables,US,sid-curated,0,Sid: Real parties plus a printables shop. Good theme depth with matching decor assets.,https://thetomkatstudio.com/blog/,high,'Blog' index confirmed — chronological post listing with category filters and pagination (141 pages).,site:thetomkatstudio.com/blog
1,Tikkido,tikkido.com,Kids party themes + printables,US,sid-curated,0,Sid: Kids party themes with printables and recipes. Easy to map to subcategories.,https://tikkido.com/parties,medium,"'Parties' section (labeled 'Entertaining DIY' in nav) is the party-ideas hub; rendered as a landing/category page rather than a clean post feed, so inferred from nav not a confirmed post list.",site:tikkido.com/parties
1,Amy's Party Ideas,amyspartyideas.com,Themed party styling,US,seed-lists,2,Consistent themed party coverage.,https://amyspartyideas.com/,medium,"Homepage itself is the blog listing (Real Parties / customer features with 'Continue Reading' excerpts). The /blog path returns a WordPress/MySQL server error, so homepage is the working index.","site:amyspartyideas.com (""party ideas"" OR ""birthday party"" OR ""party theme"" OR ""party decorations"")"
1,DIY Inspired,diyinspired.com,DIY party + craft ideas,US,seed-lists,2,DIY-led party projects.,https://diyinspired.com/category/party-ideas/,medium,"General DIY/craft blog; 'Party Ideas' category is the party-focused index (confirmed via search). Homepage was blocked by a JS/anti-bot redirect on fetch, so verified through search results instead.",site:diyinspired.com/category/party-ideas
1,Fern and Maple,fernandmaple.com,Party styling + design,US,seed-lists,2,Elevated styled party design.,https://fernandmaple.com/party-blog/,high,"'Blog' index confirmed — party posts (graduation, Easter, DIY, holidays) with pagination (33 pages).",site:fernandmaple.com/party-blog
1,Giggle Living,giggleliving.com,Party + lifestyle ideas,US,seed-lists,2,Party and celebration ideas.,https://www.giggleliving.com/,high,Homepage is the blog index (BLOG nav points to root) and lists recent posts. Note: /blog/ 404s; use homepage or category pages under /category/.,"site:giggleliving.com (""party ideas"" OR ""birthday party"" OR ""party theme"" OR ""party decorations"")"
1,Jordan's Easy Entertaining,jordanseasyentertaining.com,Entertaining + grazing + parties,US,seed-lists,2,Hosting and grazing-table ideas.,https://jordanseasyentertaining.com/,medium,"Whole site is a blog; homepage lists recent posts across Recipes, Crafts, and Party Themes. No separate all-posts archive found, so homepage is the widest index.","site:jordanseasyentertaining.com (""party ideas"" OR ""birthday party"" OR ""party theme"" OR ""party decorations"")"
1,Just Add Confetti,justaddconfetti.com,Party styling + DIY,US,seed-lists,2,Detailed DIY styled parties.,https://www.justaddconfetti.com/celebrations/,medium,"'Party Themes and Ideas' section per main nav — the broadest party-ideas hub. Fetch returned a transient 500, so section confirmed via nav rather than a rendered post list.",site:justaddconfetti.com/celebrations
1,Little Miss Party,littlemisspartyplanner.com,Party ideas + planning,US,seed-lists,2,Modern party inspiration.,https://www.littlemisspartyplanner.com/blog,high,Section labeled 'The Blog'. Fetched and confirmed: chronological index of ~18 party posts with category filters and Older-posts pagination.,site:littlemisspartyplanner.com/blog
1,Michelle's Party Plan-It,michellespartyplanit.com,Party planning + styling,US,seed-lists,2,Long-running party planning blog.,https://michellespartyplanit.com/category/celebrate/,high,"WordPress. 'Celebrate' category is the broadest party-ideas index (holidays, life events, occasions). Fetched and confirmed it lists ~20 party posts across all celebration types.",site:michellespartyplanit.com/category/celebrate
1,MINT Event Design,minteventdesign.com,Event/party design + styling,US,seed-lists,3,Designer-quality styled inspiration.,https://minteventdesign.com/blog,medium,Section labeled 'Blog' (in header/footer nav). Inferred from homepage navigation; could not re-fetch the index page to confirm listing due to proxy rate-limiting.,site:minteventdesign.com/blog
1,Parties With a Cause,partieswithacause.com,Party styling,US,seed-lists,2,Styled party features.,https://partieswithacause.com/blog-2/,medium,WordPress. Main nav 'Blog' points to /blog-2/. Inferred from nav; broadest all-posts listing. Could not re-fetch to confirm listing due to proxy rate-limiting.,site:partieswithacause.com/blog-2
1,Pop of Gold,popofgold.com,Party styling + printables,US,seed-lists,2,Themed styling and printables.,https://www.popofgold.com/category/parties/,medium,"WordPress 'Parties Archives' is the broadest party-post index (flat post slugs + /category/ + /tag/ structure). Site blocks WebFetch/curl (robots + egress), so identified via web search rather than direct fetch.",site:popofgold.com/category/parties
1,Smart Party Planning,smartpartyplanning.com,Party planning how-to,UK,seed-lists,2,Planning-focused idea library.,https://smartpartyplanning.com/party-ideas/,high,Section labeled 'Parties' / Party Ideas. Fetched homepage which confirms /party-ideas/ is the main broad party collection; subcategories (boys/girls/adults/food) branch from it.,site:smartpartyplanning.com/party-ideas
1,The Celebration Stylist,thecelebrationstylist.com,Party styling + entertaining,US,seed-lists,3,Detailed styled party breakdowns.,https://www.thecelebrationstylist.com/,high,Blogger/Blogspot blog (posts at /YYYY/MM/*.html). The whole site is the blog; homepage is the paginated post feed. WebFetch saw only meta (JS render); confirmed structure via web search.,"site:thecelebrationstylist.com (""party ideas"" OR ""birthday party"" OR ""party theme"" OR ""party decorations"")"
1,The Creative Heart Studio,thecreativeheartstudio.com,Party printables + styling,US,seed-lists,2,Themed printable-led parties.,https://thecreativeheartstudio.com/blogs/projects,high,"Shopify blog handle 'projects', labeled 'All Projects' — the broadest project/idea listing. Confirmed via homepage fetch.",site:thecreativeheartstudio.com/blogs/projects
1,The Partiologist,thepartiologist.com,Themed party + treats,US,seed-lists,2,Prolific themed dessert/party posts.,https://www.thepartiologist.com/,high,Blogger/Blogspot blog (posts at /YYYY/MM/*.html). Whole site is the blog; homepage is the paginated post feed. Direct fetch hit SSL/robots issue; confirmed via web search.,"site:thepartiologist.com (""party ideas"" OR ""birthday party"" OR ""party theme"" OR ""party decorations"")"
1,The Party Teacher,thepartyteacher.com,Party planning + styling,US,seed-lists,2,How-to planning plus styled parties.,https://thepartyteacher.com/blog/,high,"""Blog"" — fetched; paginated chronological listing of party posts/tutorials.",site:thepartyteacher.com/blog
1,Twinkle Twinkle Little Party,twinkletwinklelittleparty.com,Kids + themed parties,US,seed-lists,3,High-volume themed birthday content.,https://twinkletwinklelittleparty.com/blog/,high,"""Blog"" — fetched; broad chronological index across Party Ideas, Crafts, Lifestyle. Broader than /category/party-ideas/.",site:twinkletwinklelittleparty.com/blog
2,100 Layer Cakelet,100layercakelet.com,Kids party + styled shoots,US,seed-lists,1,Styled kids party editorial.,https://www.100layercakelet.com/,medium,Whole site is the blog; homepage is a paginated post feed (~349 pages) of kids birthday party ideas/crafts. Direct fetch blocked by robots/proxy; structure confirmed via web search.,"site:100layercakelet.com (""party ideas"" OR ""birthday party"" OR ""party theme"" OR ""party decorations"")"
2,A Beautiful Mess,abeautifulmess.com,DIY + craft + parties,US,seed-lists,1,Large DIY/craft site with party content.,https://abeautifulmess.com/blog/,high,"""All Posts""/Blog — fetched; paginated (~291 pages) lifestyle/crafts/recipes archive.",site:abeautifulmess.com/blog
2,A Pretty Celebration,aprettycelebration.com,Party styling,US,seed-lists,1,Styled celebration features.,https://aprettycelebration.com/parties/,high,"""Parties"" archive — fetched; 74 posts of party/theme ideas in grid with pagination. Widest party listing on the site.",site:aprettycelebration.com/parties
2,Anders Ruff,andersruff.com,Custom printable parties,US,seed-lists,1,Themed printable party designs.,https://andersruff.com/custom-printable-parties/blog/,high,"""Blog"" — fetched; content hub with 126 pages of party/DIY posts. Broader than the /category/parties/ sub-listing.",site:andersruff.com/custom-printable-parties/blog
2,Bachelorette - House of Bachelorette,thehouseofbachelorette.com,Bachelorette party ideas,US,seed-lists,1,Adult/bachelorette niche.,https://www.thehouseofbachelorette.com/blogs/bachelorette-ideas,high,"""Party Ideas"" (Shopify blog handle: bachelorette-ideas) — fetched; lists bachelorette party idea articles.",site:thehouseofbachelorette.com/blogs/bachelorette-ideas
2,Best Friends For Frosting,bestfriendsforfrosting.com,Party + dessert styling,US,seed-lists,1,Dessert and party inspiration.,https://bestfriendsforfrosting.com/category/party-idea/,high,"""Party Ideas"" category — fetched; 4 pages of themed party posts. Chose party-idea over /recipe-index/ (recipes only) to match party-ideas scope.",site:bestfriendsforfrosting.com/category/party-idea
2,Black Twine,blacktwine.co,Party inspiration + shop,US,seed-lists,1,Curated party idea content.,https://www.blacktwine.co/,low,"Site is an inactive/placeholder WordPress install — only a default ""Hello world!"" post exists; no real blog or party-ideas index.","site:blacktwine.co (""party ideas"" OR ""birthday party"" OR ""party theme"" OR ""party decorations"")"
2,Bonjour Fete,bonjourfete.com,Party supplies + theme guides,US,seed-lists,1,Theme trend and idea roundups.,https://www.bonjourfete.com/blogs/le-blog,high,Shopify blog section 'LE BLOG' — the site's party ideas/blog index (posts at /blogs/le-blog/<slug>).,site:bonjourfete.com/blogs/le-blog
2,Certified Celebrator,certifiedcelebrator.com,Party ideas + reviews,US,seed-lists,1,Party product and idea coverage.,https://www.certifiedcelebrator.com/ideas/blog/,high,"'Blog Archives' — main blog listing under /ideas/ (siblings: /ideas/parties/, /ideas/entertaining/). Broadest post index.",site:certifiedcelebrator.com/ideas/blog
2,Chickabug,chickabug.com,Kids party printables + ideas,US,seed-lists,1,Printable-led kids parties.,https://blog.chickabug.com/,high,Blog lives on the blog. subdomain; homepage is the post feed ('Celebrating birthday parties and holidays').,site:blog.chickabug.com
2,Elva M Design Studio,elvamdesign.com,Event design,US,seed-lists,1,Event design features.,https://elvamdesign.com/parties/,high,'Parties' category listing — the party ideas index (posts at root /<slug>/; homepage is a landing page).,site:elvamdesign.com/parties
2,Five Whimsy Lane,fivewhimsylane.com,Party styling,US,seed-lists,1,Styled party features.,https://fivewhimsylane.com/,high,"Whole site is the party/DIY blog ('Parties | Lifestyle | DIY'S | Photography'); homepage lists posts, individual posts at root /<slug>/.","site:fivewhimsylane.com (""party ideas"" OR ""birthday party"" OR ""party theme"" OR ""party decorations"")"
2,Frog Prince Paperie,frogprincepaperie.com,Party printables + DIY,US,seed-lists,1,Printable and DIY party posts.,https://frogprincepaperie.com/the-blog/,high,Dedicated 'Blog' index at /the-blog/ (parties category also at /category/parties/).,site:frogprincepaperie.com/the-blog
2,Giggles Galore,gigglesgalore.net,Party + craft + printables,US,seed-lists,1,Craft and party ideas.,https://gigglesgalore.net/blog/,high,'blog' index with deep pagination (page/251 seen) — full post archive; homepage is also the blog feed.,site:gigglesgalore.net/blog
2,Handmade Charlotte,handmadecharlotte.com,Kids craft + party DIY,US,seed-lists,1,Craft and kids party projects.,https://www.handmadecharlotte.com/,high,"Homepage is the blog feed ('Sweet Recipes + Happy Crafts for Kids'), paginated via /page/N/; broadest listing over /diy/ or /inspiration/ subsections.","site:handmadecharlotte.com (""party ideas"" OR ""birthday party"" OR ""party theme"" OR ""party decorations"")"
2,Host It Notes,hostitnotes.com,Hosting + party ideas,US,seed-lists,1,Hosting-focused idea posts.,https://hostitnotes.com/,medium,"'Home - Blog' — homepage is the party-ideas/recipes blog (posts at /f/<slug>, filterable via ?blogcategory=); site builder platform, no separate broad archive path found.","site:hostitnotes.com (""party ideas"" OR ""birthday party"" OR ""party theme"" OR ""party decorations"")"
2,Laura's Little Party,lauraslittleparty.com,Themed party styling,US,seed-lists,1,Themed party features.,https://lauraslittleparty.com/,high,Blogger/Blogspot blog; posts live at /YYYY/MM/*.html and the homepage is the reverse-chron post index. Whole site is the blog.,"site:lauraslittleparty.com (""party ideas"" OR ""birthday party"" OR ""party theme"" OR ""party decorations"")"
2,Life's Little Celebrations,lifeslittlecelebrations.org,Party styling,US,seed-lists,1,Styled party gallery.,https://lifeslittlecelebrations.org/blog/,high,Dedicated 'Blog' section (WordPress); broadest listing above the /category/blog/* sub-archives.,site:lifeslittlecelebrations.org/blog
2,Love The Day,love-the-day.com,Party printables + styling,US,seed-lists,1,Printable-led party styling.,https://love-the-day.com/,medium,"WordPress party-ideas blog with posts at root-level slugs; no dedicated /blog/ index found, homepage is the broadest post listing (categories under /category/, tag /tag/party-blog).","site:love-the-day.com (""party ideas"" OR ""birthday party"" OR ""party theme"" OR ""party decorations"")"
2,Mimi's Dollhouse,mimisdollhouse.com,Kids party themes + printables,US,seed-lists,1,Theme-by-theme kids party archive.,https://www.mimisdollhouse.com/blog/,high,Dedicated 'Blog' section (WordPress on www); party-ideas posts at root slugs.,site:mimisdollhouse.com/blog
2,Momo Party,momoparty.com,Kids party themes + tips,US,seed-lists,1,Theme-organized party guides.,https://www.momoparty.com/blogs/party-tips-and-more,high,Shopify site; main 'Party Ideas And More' blog handle. Site also has separate /blogs/birthday-ideas and /blogs/diy-tutorials blogs.,site:momoparty.com/blogs/party-tips-and-more
2,Moore and Co Events,mooreandcoevents.com,Event styling pro,US,seed-lists,1,Pro event styling.,https://www.mooreandcoevents.com/blog/,high,'Event Inspiration Blog' section (WordPress on www); wedding/event styling posts under /blog/.,site:mooreandcoevents.com/blog
2,One Stylish Party,onestylishparty.com,Party styling + DIY,US,seed-lists,1,Styled DIY parties.,https://onestylishparty.com/blog/,high,Dedicated 'Blog' index (WordPress); broader than the /parties/ sub-listing.,site:onestylishparty.com/blog
2,Party Pinching,partypinching.com,Budget party + food ideas,US,seed-lists,1,Budget-friendly themed parties.,https://partypinching.com/,medium,"WordPress party recipe/ideas blog; no single /blog/ index, homepage is the broadest post listing (topics under /category/*).","site:partypinching.com (""party ideas"" OR ""birthday party"" OR ""party theme"" OR ""party decorations"")"
2,Party With Unicorns,partywithunicorns.com,Kids party themes,US,seed-lists,1,Theme-heavy kids parties.,https://partywithunicorns.com/,medium,"WordPress kids-party blog; no dedicated /blog/ index found, homepage is the broadest listing (categories under /category/kids-parties, /category/crafts-activities, etc.).","site:partywithunicorns.com (""party ideas"" OR ""birthday party"" OR ""party theme"" OR ""party decorations"")"
2,Popcorn and Party,popcornandparty.com,Party ideas + entertaining,US,seed-lists,1,Party and hosting ideas.,https://www.popcornandparty.com/,medium,"Wix party-ideas blog; individual posts live at /post/<slug> and the homepage ('Fabulous party tips and ideas') is the post feed. No dedicated /blog index found, so the homepage is the widest listing. Could not fetch to fully confirm (WebFetch rate-limited).","site:popcornandparty.com (""party ideas"" OR ""birthday party"" OR ""party theme"" OR ""party decorations"")"
2,Press Print Party,pressprintparty.com,Party printables + games,US,seed-lists,1,Printable games and party kits.,https://www.pressprintparty.com/party-ideas/,medium,"WordPress site; 'Party Ideas' category archive is the main on-target index (confirmed posts under /party-ideas/). Site also has /diy/, /party-eats/, /free-printables/, /life/ categories; homepage may be a broader feed but could not be fetched to confirm.",site:pressprintparty.com/party-ideas
2,Pump It Up,pumpitupparty.com,Kids birthday party ideas,US,seed-lists,1,Kids party guides.,https://www.pumpitupparty.com/blog/,high,"Dedicated blog index confirmed: 'Kids Birthday Party Ideas and Guide | Pump It Up Blog' at /blog/, with category subpages under /blog/category/.",site:pumpitupparty.com/blog
2,Ritzy Parties,ritzyparties.com,Party themes + printables,US,seed-lists,1,Themed party inspiration.,https://ritzyparties.com/,medium,"WordPress party blog; posts live at root /<slug>/ and homepage is the post feed. Categories exist (/category/party-ideas/, /diy/, /recipes/, etc.); homepage is the broadest all-posts listing. Not fetched to confirm pagination.","site:ritzyparties.com (""party ideas"" OR ""birthday party"" OR ""party theme"" OR ""party decorations"")"
2,Ruffled,ruffledblog.com,Wedding + event styling,US,seed-lists,1,Wedding-leaning but strong event styling.,https://www.ruffledblog.com/,high,Whole site is a wedding-inspiration blog; homepage is the post feed with posts at root /<slug>/. Broadest listing is the homepage (category/weddings is narrower).,"site:ruffledblog.com (""party ideas"" OR ""birthday party"" OR ""party theme"" OR ""party decorations"")"
2,The Party Goddess,thepartygoddess.com,Event planning pro blog,US,seed-lists,1,Full-service planner idea content.,https://thepartygoddess.com/blog/,high,Dedicated blog index confirmed: 'Blog - The Party Goddess!' at /blog/. Posts also appear at root but /blog/ is the listing page.,site:thepartygoddess.com/blog
2,Ultimate Bridesmaid,ultimatebridesmaid.com,Bachelorette + shower ideas,US,seed-lists,1,Adult celebration niche.,https://ultimatebridesmaid.com/,medium,"Homepage is the blog feed ('The bridesmaid blog for bridal shower and bachelorette party inspiration...'), posts at root /<slug>/ with /category/ and /tag/ archives. Content may have partially migrated to thebridesmaidblog.com, but ultimatebridesmaid.com still resolves as the blog.","site:ultimatebridesmaid.com (""party ideas"" OR ""birthday party"" OR ""party theme"" OR ""party decorations"")"
2,Wants and Wishes,wantsandwishesdesign.com,Party planning + design,US,seed-lists,1,Planning and design ideas.,https://blog.wantsandwishesdesign.com/,medium,Main www domain is a Shopify shop; the party-ideas content lives on the Blogger subdomain blog.wantsandwishesdesign.com (homepage lists dated party posts). Returned https but this custom-domain Blogger blog may only serve http.,site:blog.wantsandwishesdesign.com
3,All About Party Bags,allaboutpartybags.co.uk,Party supplies blog,UK,seed-lists,1,Supply retailer blog.,https://www.allaboutpartybags.co.uk/blog/,medium,"WooCommerce shop with a 'Blog' section confirmed via /blog/<category>/<post> URLs. Some articles also live at root (e.g. /childrens-themed-parties/), so /blog/ is the primary but not fully exhaustive index. Not fetched to confirm.",site:allaboutpartybags.co.uk/blog
3,Confetti Fair,confettifair.com.au,Party styling,AU,seed-lists,1,Australia geo.,https://confettifair.com.au/blog/,high,Section labeled 'Blog' (Party Ideas Blog Australia) - dedicated ideas index.,site:confettifair.com.au/blog
3,Creative Party Ideas by Cheryl,creativepartyideasbycheryl.blogspot.com,Party ideas,US,seed-lists,1,Blogspot; older content.,https://creativepartyideasbycheryl.blogspot.com/,high,Blogspot blog; homepage lists all party idea posts. Site live but content appears stale (latest posts ~2014).,"site:creativepartyideasbycheryl.blogspot.com (""party ideas"" OR ""birthday party"" OR ""party theme"" OR ""party decorations"")"
3,DC Party Rental Supply,dcpartyrentalsupply.com,Rental + party blog,US,seed-lists,1,Rental retailer blog.,https://dcpartyrentalsupply.com/blog-party-rental-bethesda-md/,low,"Party-rental service site, not an ideas blog. Only one 'blog' page exists (a single SEO page), no real post index/archive was found.",site:dcpartyrentalsupply.com/blog-party-rental-bethesda-md
3,Discount Party Supplies AU,discountpartysupplies.com.au,Party supplies blog,AU,seed-lists,1,Australia supply blog.,https://www.discountpartysupplies.com.au/blog,high,Section labeled 'Blog' - broad index above the /blog/party-ideas sub-category.,site:discountpartysupplies.com.au/blog
3,Eats Amazing,eatsamazing.co.uk,Kids party food,UK,seed-lists,1,UK; strong for party food ideas.,https://www.eatsamazing.co.uk/category/family-friendly-recipes/party-food-ideas-recipes,high,Site is a kids' food blog; 'Party Food Ideas for Kids' category is the party-specific index.,site:eatsamazing.co.uk/category/family-friendly-recipes/party-food-ideas-recipes
3,Evite - Life of the Party,evite.com,Party ideas + invites,US,seed-lists,1,High-traffic but broad; lower idea density per page.,https://www.evite.com/blog/,high,"Main 'Evite Blog - Party Ideas, Planning Tips, DIYs & More' index above categories like inspiration-ideas and planning-budget.",site:evite.com/blog
3,Festive Fetti,festivefetti.com,Party styling,US,seed-lists,1,Styled parties.,https://www.festivefetti.com/blog,high,Section labeled 'Blog' (Party Inspiration for Birthdays and Celebrations).,site:festivefetti.com/blog
3,Fun365 (Oriental Trading),fun365.orientaltrading.com,Party + craft ideas,US,seed-lists,1,Retailer content hub.,https://www.fun365.orientaltrading.com/,high,"Entire site (Fun365) is the ideas/inspiration index for craft, party, wedding, classroom; homepage is the landing.","site:fun365.orientaltrading.com (""party ideas"" OR ""birthday party"" OR ""party theme"" OR ""party decorations"")"
3,HenBox,henbox.co.uk,Hen party ideas,UK,seed-lists,1,UK hen niche.,https://www.henbox.co.uk/category/hen-party-ideas/,high,'Hen Party Ideas' category archive - the broad post listing for the site's hen-party ideas content.,site:henbox.co.uk/category/hen-party-ideas
3,Henry Bonas,henrybonas.com,Luxury event company,UK,seed-lists,1,Event co site; thin blog.,https://www.henrybonas.com/journal/,high,"Blog section is called ""Journal""; search returned many live /journal/<slug> party-ideas posts under this index. Not fetched (host blocked by egress policy 403), confirmed via search.",site:henrybonas.com/journal
3,Homemade Parties,homemadeparties.ph,Party styling,PH,seed-lists,1,Philippines geo.,https://homemadeparties.ph/,high,"Whole site is the blog (""A DIY Party Inspirations Blog""); homepage lists posts with /page/N pagination. Not fetched (egress 403), confirmed via search.","site:homemadeparties.ph (""party ideas"" OR ""birthday party"" OR ""party theme"" OR ""party decorations"")"
3,Joy in the Commonplace,joyinthecommonplace.com,Party planning blog,US,seed-lists,1,One of the seed listers; also publishes ideas.,https://www.joyinthecommonplace.com/category/blog-posts/,high,"Broad ""Blog Archives"" all-posts category (narrower category pages like /category/party-themes/ also exist). Not fetched (egress 403), confirmed via search.",site:joyinthecommonplace.com/category/blog-posts
3,Little Big Company,littlebigco.blogspot.com,Party styling,AU,seed-lists,1,Blogspot; AU.,https://littlebigco.blogspot.com/,high,"Blogspot party-styling blog (""Little Big Company | The Blog""); homepage is the post listing. Appears dormant (posts 2012-2013) but resolves. Confirmed via search, not fetched (egress 403).","site:littlebigco.blogspot.com (""party ideas"" OR ""birthday party"" OR ""party theme"" OR ""party decorations"")"
3,Netmums,netmums.com,General parenting + parties,UK,seed-lists,1,Broad parenting; low party idea density.,https://www.netmums.com/activities/parties,low,Could not verify: host blocked by egress policy (403) and netmums.com results are filtered from WebSearch. base_url is a best-effort guess at the parties section; unconfirmed.,site:netmums.com/activities/parties
3,Parties for Pennies,partiesforpennies.com,Budget party ideas,US,seed-lists,1,Budget niche.,https://partiesforpennies.com/blog/,high,"Dedicated ""Blog"" index (broader than /party-ideas/). Not fetched (egress 403), confirmed via search.",site:partiesforpennies.com/blog
3,Party Magic PH,partymagic.ph,Party services,PH,seed-lists,1,Philippines geo.,https://www.partymagic.ph/blog/,high,"Section labeled ""BLOG"" listing party write-ups. Not fetched (egress 403), confirmed via search.",site:partymagic.ph/blog
3,Party Packs,partypacks.co.uk,Party supplies blog,UK,seed-lists,1,Supply retailer blog.,https://www.partypacks.co.uk/blogs/party-inspiration,high,"Shopify ""Party Inspiration Blog"" (/blogs/<handle>), broadest listing above the tagged sub-pages. Not fetched (egress 403), confirmed via search.",site:partypacks.co.uk/blogs/party-inspiration
3,Partymazing,partymazing.com,Party printables,US,seed-lists,1,Printable shop blog.,https://partymazing.com/blog/,high,"Section labeled ""Blog"" (site is printable party crafts/ideas). Not fetched (egress 403), confirmed via search.",site:partymazing.com/blog
3,Peekaboo Party Bags,peekaboopartybags.co.nz,Party supplies blog,NZ,seed-lists,1,New Zealand supply blog.,https://www.peekaboopartybags.co.nz/blog/,high,Section labeled 'Peekaboo Blog' (kids party tips/ideas). Blog index confirmed via search returning /blog/ landing plus many /blog/<slug> posts.,site:peekaboopartybags.co.nz/blog
3,Play Party Plan,playpartyplan.com,Party games + ideas,US,seed-lists,1,Strong for party games.,https://www.playpartyplan.com/,high,"Whole site is a party blog ('Party Games, Recipes, & Free Printables'); homepage is the post listing, the widest index. Narrower category exists at /category/parties/party-posts.","site:playpartyplan.com (""party ideas"" OR ""birthday party"" OR ""party theme"" OR ""party decorations"")"
3,Pop Parties,popparties.com,Party styling,US,seed-lists,1,Styled party features.,https://popparties.com/blog/,high,"Section labeled 'Pop Parties Blog' (real weddings, celebrations, event tips). /blog/ index confirmed via search.",site:popparties.com/blog
3,The Foxy Hen,thefoxyhen.com,Hen party ideas,UK,seed-lists,1,UK bachelorette/hen niche.,https://www.thefoxyhen.com/blog,high,'The Foxy Hen Blog' — broad /blog index (hen party ideas/advice). Narrower category at /blog/category/hen-party-ideas.,site:thefoxyhen.com/blog
3,The Hen Planner,thehenplanner.co.uk,Hen party ideas,UK,seed-lists,1,UK hen niche.,https://thehenplanner.co.uk/blogs/blog,high,Shopify blog 'Hen Party Blog - Ideas & Inspiration' at /blogs/blog; paginated (?page=N). Confirmed via search.,site:thehenplanner.co.uk/blogs/blog
3,The Party Muse,thepartymuseonline.com,Party planning,US,seed-lists,1,Planning tips.,https://thepartymuseonline.com/blog/,high,Section 'Birthday Party Ideas - Blog' (children's events). /blog/ index confirmed via search; individual posts under /YYYY/MM/slug.,site:thepartymuseonline.com/blog
3,The Party Noodles,thepartynoodles.com,Party ideas,US,seed-lists,1,Idea posts.,https://thepartynoodles.com/blog,medium,"WordPress site (kids party entertainer); posts live at root-level slugs (/8-steps/, /cake-smash-dos-donts/). Search surfaced a 'Blog' page at /blog but it could not be directly fetched (proxy 429) to confirm it lists all posts.",site:thepartynoodles.com/blog
